id,description,
pr001,Ban collar black jacket - A full black light-weight zipper jacket with ban collars and designed with simple and stylish look.,
pr002,"Black shirt with zipper - A black long-sleeved, long shirt with zippers and opening on the sideways",
pr003,"Blue-t-shirt - An elegant crew neck, half-sleeved blue shirt made up of soft and high quality cotton. ",
pr004,Casual woolen shirt - A soft woolen shirt made up of high quality fabric with two pockets in front and beautiful and contrasting black buttons,
pr005,Men check shirt - Wonderful high quality fabric check shirt for men with a choice of elegant styles.,
pr006,Light blue denim jeans - High quality denim jeans made from imported fabric and with a cool look that will match with almost any color.,
pr007,Diesel denim jeans - High quality diesel colored jeans with a stylish look and elegant fabric with strechable texture.,
pr008,Onitsuka graphic t-shirt - Cool black t-shirt with a wonderful logo printed in red and white and made up of high quality fabric.,
pr009,Gray casual shirt - Simple and decent casual shirt for men who want to look simple as well as graceful. Made from high quality cotton ,
pr010,Stylish gray casual shirt - Full sleeved and graceful looking casual shirt with grey color plus white texture on the soft and high quality fabric that looks appeasing for stylish outfits.,
pr011,"Grey-t-shirt - An elegant crew neck, half-sleeved grey shirt made up of soft and high quality cotton.",
pr012,Lightweight mens jacket - Lightweight and stylish mens jacket made up of waterproof fabric style plus water resistance in one place.,
pr013,Karsten blue shirt - Royal blue half sleeved karsten collared shirt made up of fine combed cotton and having a front pocket on left.,
pr014,Men black trousers - Lightweight men black trousers made with high quality fabric to provide for a comforting and simple outerlook.,
pr015,Mens spring summer jacket - Lightweight men navy blue jacket made for style and grace in spring and summer seasons also providing resistance to water.,
pr016,Puma trousers gray - Lightweight men black grey trousers made with high quality fabric to provide for a comforting and simple outerlook and manufactured by Puma,
pr017,"Purple-t-shirt - An elegant crew neck, half-sleeved purple shirt made up of soft and high quality cotton.",
pr018,Skin jeans dark gray - High quality dark gray skin jeans made from imported fabric and with a cool look that will match with almost any color.,
pr019,Slate casual shirt - A soft casual shirt made up of high quality fabric with two pockets in front and beautiful and a warm slate color.,
pr020,"Teal-t-shirt - An elegant crew neck, half-sleeved teal colored shirt made up of soft and high quality cotton.",
pr021,Urban blue jeans - High quality urban jeans made from imported fabric and with a cool look that will match with almost any color.,
pr022,Anchor bracelet for men - This bracelet is made to provide men with additional bit of style in their outlook. Its made up of high quality synthetic leather and stainless steel anchor.,
pr023,Black buddha bracelet - This bracelet is made to provide men with additional bit of style in their outlook. Its made up of high quality beads with a golden buddha head,
pr024,Chakra bracelet - This bracelet is made to provide men with additional bit of style in their outlook. Its made up of high quality black as well as colored beads to provide for a colorful look.,
pr025,Hot dog pin - High quality little pin made to stick to your shirt or jacket to provide additional style that stylish men wants.,
pr026,Pizza enamel pin - High quality little pin made to stick to your shirt or jacket to provide additional style that stylish men wants.,
pr027,Aqua Desi Kurti for women - Aqua colored kurti made for women who want to look cool plus desi in their outfit. Its made up of high quality fabric with stylish design on neck and sleeves.,
pr028,Embroidered white women top - Wonderful white colored shirt with flower embroidery on both sleeves. Its made up of high quality and soft fabric.,
pr029,Orange Stylish Kurti for women - Orange colored dress made for women who want to look cool in their outfit. Its made up of high quality fabric with fresh bright orange color.,
pr030,Lightblue women top - Wonderful light blue women shirt with simple texture providing a decent look.,
pr031,Pink Kurti - Pink colored  kurtimade for women who want to look cool plus desi in their outfit. Its made up of high quality silky fabric with a fabulous design. ,
pr032,Red t-shirt with pocket - Simple crewneck red color tee shirt for women who want to look cool in summers Its made up of high quality soft cotton fabric.,
pr033,Stylish red top - Stylish women top with stylish design on the sleeves and edges of the shirt.,
pr034,Rama green rayon stylish top - Cool and wonderful rama green colored women top made up of high quality rayon fabric.,
pr035,Straight fit orange kurti - Perfectly designed orange kurti with straight fit made for women with simple choice of style and elegance.,
pr036,Striped fashon t-shirt - Crewneck black and white striped tee shirt for women who want to look cool in summers Its made up of high quality soft cotton fabric.,
pr037,Trendy flowered pattern top - Cute looking women top with trendy flower patterns on all over the high quality fabric making it look so damn fabulous.,
pr038,Women black top - Perfectly designed black with minimal design on fabric and made for women with simple choice of style and elegance.,
pr039,Womens boho top - Stylish women top with stylish design on the sleeves and edges of the shirt. Made with high quality fabric having beautiful blue pattern all over,
pr040,Black over the shoulder bag - Black colored over the shoulder bag made up of high quality synthetic leather and steel zippers that do not dissappoint.,
pr041,Brown purse - Women purse with chocolate brown color made up of high quality material and quality buttons and zippers.,
pr042,Light brown purse - Women purse with chocolate brown color made up of premium quality material and quality buttons and zippers.,
pr043,Lemon purse - Cute lemon shaped purse for women who are looking to have cuteness and cool looking accessories,
pr044,Light pink purse - Women purse with sweet pink color made up of premium quality material and quality buttons and zippers.,
pr045,Marble fashion wristwatch - Wonderful black wrist watch for women. Its has premium quality soft leather straps and watch made up of water resistant material making it an excellent to have accessory.,
pr046,Gold and blue necklace - Wonderfully designed and made necklace for women who love light and minimal jewellery with their outfits.,
pr047,Women bracelet - Cool looking women bracelet made up of premium quality material and perfect for adding up more style to your outfits.,
pr048,Threader necklace - Simple and decent looking necklace for women made up of high quality non corroding material.,
pr049,Kid grey sweat pants - Lightweight sweat pant for kids made up of high quality soft and light woolen fabric.,
pr050,Kid black beanie - Stylish beanie cap for kids made up of soft and warm fabric.,
pr051,Kid raccoon tee - Stylish full sleeved black crewneck t-shirt with a raccoon print over the front made up of high quality soft fabric.,
pr052,Black leather jacket for kids - Stylish kid leather jacket made up of premium quality synthetic leather.,
pr053,Kid whale shirt - Stylish full sleeved black crewneck t-shirt with a raccoon print over the front made up of high quality soft fabric.,
pr054,Kid zip-up - Cool looking zip up jacket for kids made up of two colored fabric blue and light grey.,
pr055,Plaid shirt for kids - Soft woolen plaid casual shirt for kids. Its made up of fine cotton fabric and wonderful black and red color.,
pr056,Girls striped dress bl&w - Beautiful white and blue striped frock for little girls. Its made up of soft and quality fabric that doesn't dissappoint.,
pr057,Girls striped dress b&w - Beautiful white and black striped frock for little girls. Its made up of soft and quality fabric that doesn't dissappoint.,
pr058,Brown casuals - Casual brown shoes for men finely made with high quality leather adding a blast of style with jeans or shalwar kameez.,
pr059,Marc jacob lace-up shoes  - Stylish looking high quality lace up shoes for men by Marc Jacob. Its you are the person looking for elegance in their footwear then this product is for you.,
pr060,Men casual high sneakers - Cool casual sneakers with high tops for men wanting to add a touch of coolness to their styles,
pr061,Navy blue skate shoes - Cool casual skate shoes with amazing contrasting color for men wanting to add a touch of coolness to their styles,
pr062,Red LED shoes - Stylish Red colored sneakers with blue LED over the side of soles to make kids look stylish.,
pr063,All black sneakers - Completely black comfortable sneakers for men made up of premium quality material and strong stitching.,
pr064,Shops23 sneakers - Stylish black and yellow sneakers for men who are looking to add touch of coolness to their footwear style.,
pr065,White lowtop LED shoes - Stylish full white colored sneakers with blue LEDs over the side of soles to make kids look stylish.,
pr066,Kids Car t-shirt - Stylish full sleeved black crewneck t-shirt with a car print over the front made up of high quality soft fabric.,
pr067,"Kids Wear Kurta Shalwar - Fabric: Cotton
Style: Shalwar Kameez
Mustard Color Self Printed & Embroidered Cotton Kids/Boys Salwar Kameez.
Printed Sleeves.
Self Printed Back
Plain White Trouser",
pr068,"Kids Wear Kurta Shalwar - Fabric: Cotton
Style: Salwar Kameez
Blue Color pati work over Cotton Kids/Boys Salwar Kameez.
Plain Sleeves.
Plain Back
Plain White Trouser",
pr069,"Kids Wear Kurta Shalwar - Blue Color Self Printed Cotton Kids/Boys Salwar Kameez.
Printed Sleeves.
Self Printed Back
Plain White Trouser",
pr070,"Kids Wear Kurta Shalwar - White Color Self Printed & Embroidered Cotton Kids/Boys Salwar Kameez.
Printed Sleeves.
Self Printed Back
Plain White Trouser",
pr071,"Kids Wear Kurta Shalwar - Fabric: Cotton
Style: Salwar Kameez
White Color Cotton Kids/Boys Salwar Kameez.
Plain Sleeves.
Plain Back
Plain White Trouser",
pr072,"Kids Wear Kurta Shalwar - Mustard Color Self Printed & Embroidered Cotton Kids/Boys Salwar Kameez. It has Printed Sleeves and
Self Printed Back it comes with a Plain White Trouser.",
pr073,"Kids Wear Kurta Shalwar - Fabric: Cotton
Style: Shalwar Kameez
Black Color Self Printed Cotton Kids/Boys Salwar Kameez.
Printed Sleeves.
Self Printed Back
Plain White Trouser",
pr074,"Kids Wear Kurta Shalwar - Fabric: Cotton
Style: Salwar Kameez
Purple Color Self Printed Cotton Kids/Boys Salwar Kameez.
Printed Sleeves.
Self Printed Back
Plain White Trouser",
pr075,Shoes by Armani Jeans - Casual shoes by Armani Jeans made with 100% quality material and strong stitching.,
, - ,
pr076,Blue denim jeans - High quality denim jeans made from imported fabric and with a cool look that will match with almost any color.,
pr077,Sweat shirt & Tee Combo by Z Zegna - High quality cotton shirts combo. One Long Sleeved Sweat shirt and one T-shirt with a printed logo. Deal of 2 in lowest price. ,
pr078,Sweat suit by Armani - A sweat shirt with a trouser made up of soft warm cotton for comfort lifestyle.,
pr079,Coat and Jeans Combo - A warm casual coat by Z Zegna paired up with a white jeans made up of high quality fabric and high quality stitching.,
pr080,SweatShirt Combo by Armani - A pair of two sweat shirts made up of high quality soft cotton with fleeced interior for perfect comfort.,
pr081,Jumper Jacket by Z Zegna - Light weight quilted jumper/gillet made up of water proof material and also equipped with a hood.,
pr082,Casual shirt combo - A pair of stylish casual shirts having different colors and cool patterns.,
pr083,Sweat and Dress shirt combo - Combo of sweat shirt styled with camoflage pattern and a light blue dress shirt with french collars.,
pr084,Kurta-1 - Pakistani Stitch Pink Color Summer Lawn Kurta. Neck Embroidered With Tussles over Daman,
pr085,Kurta-2 - Pakistani Stitch Maroon Color Summer Lawn Kurta. Front Full Embroidered With Tussles over Daman,
pr086,Kurta-3 - Pakistani Stitch White Color Summer Lawn Kurta. Neck Embroidered With Stones at Daman,
pr087,Kurta-4 - Pakistani Stitch Green Color Summer Lawn Kurta. Neck Embroidered With Stone over Daman,
pr088,Kurta-5 - Pakistani Stitch Maroon Color Summer Lawn Kurta. Neck Embroidered & Printed Daman,
pr089,Kurta-6 - Pakistani Stitch Red Color Summer Lawn Kurta. Neck Embroidered & Printed Daman,
pr090,Kurta-7 - Pakistani Stitch Orange Color Summer Lawn Kurta. Neck Embroidered & Printed Daman,
pr091,Kurta-8 - Pakistani Stitch Black Color Summer Lawn Kurta. Neck Embroidered & Printed Daman,
pr092,Kurta-9 - Pakistani Stitch Green Color Summer Lawn Kurta. Neck Embroidered & Printed Daman,
pr093,Kurta-10 - Pakistani Stitch Yellow/White Color Summer Lawn Kurta. Neck Embroidered & Printed Daman,
pr094,Kurta-11 - Pakistani Stitch Pink Color Summer Lawn Kurta. Neck Embroidered & Printed Daman,
pr095,Kurta-12 - Pakistani Stitch Light Pink Color Summer Lawn Kurta. Neck Embroidered & Printed Daman,
pr096,Kurta-13 - Pakistani Stitch Yellow Color Summer Lawn Kurta. Neck Embroidered & Printed Daman,
pr097,Kurta-14 - Pakistani Stitch Grey-Blue Color Summer Lawn Kurta. Neck Embroidered & Printed Daman,
pr098,Kurta-15 - Pakistani Stitch Multi Color Summer Lawn Kurta. Neck Embroidered & Printed Daman,
pr099,Kurta-16 - Pakistani Stitch Yellow Color Summer Lawn Kurta. Neck Embroidered & Printed Daman,
pr100,Kurta-17 - Pakistani Stitch Multi Color Summer Lawn Kurta. Neck Embroidered & Printed Daman,
pr101,Kurta-18 - Pakistani Stitch light green Color Summer Lawn Kurta. Neck Embroidered & Printed Daman,
pr102,Kurta-19 - Pakistani Stitch Skin Color Summer Lawn Kurta. Neck Embroidered & Printed Daman,
pr103,Kurta-20 - Pakistani Stitch Pink Color Summer Lawn Kurta. Neck Embroidered & Printed Daman,
pr104,Kurta-21 - Pakistani Stitch Dark Pink Color Summer Lawn Kurta. Full Embroidered & Printed Daman,
pr105,"Stitched Embroidered Lawn Trouser - Amazing Plain Black Color Stitched Embroidered Lawn Trouser
Black Color Velvet Lace Work with Velvet Buttons Over Lawn Trouser Embroidered
Packing: Plastic bag ",
pr106,"Stitched Embroidered Lawn Trouser - Amazing Plain Skin Color Stitched Embroidered Lawn Trouser
Skin Color Chiffon Lace Work with Velvet Buttons Over Lawn Trouser Embroidered
Packing: Plastic bag ",
pr107,"Stitched Embroidered Lawn Trouser - Amazing Plain White Color Stitched Embroidered Lawn Trouser
White Color Embroidered Lace Work Over Lawn Trouser Embroidered
Packing: Plastic bag ",
pr108,"Stitched Embroidered Lawn Trouser - Amazing Black Color Stitched Embroidered Lawn Trouser
Sliver Color Embroidery Work Over Lawn Trouser Embroidered
Packing: Plastic bag ",
pr109,"Stitched Embroidered Lawn Trouser - Amazing Black Color Stitched Embroidered Lawn Trouser
Black Color Embroidery Work Over Lawn Trouser Embroidered
Packing: Plastic bag ",
pr110,"Stitched Embroidered Lawn Trouser - Amazing White Color Stitched Embroidered Lawn Trouser
Red Color Flower Embroidery Work Over Lawn Trouser Embroidered
Packing: Plastic bag",
pr111,"Stitched Embroidered Lawn Trouser - Amazing Skin Color Stitched Embroidered Lawn Trouser
Skin Color Embroidery Work Over Lawn Trouser Embroidered
Packing: Plastic bag",
pr112,"Stitched Embroidered Lawn Trouser - Amazing Skin Color Stitched Embroidered Lawn Trouser
Silver Color Embroidery Work Over Lawn Trouser Embroidered
Packing: Plastic bag",
pr113,"Stitched Embroidered Lawn Trouser - Amazing White Color Stitched Embroidered Lawn Trouser
White Color Embroidery Work Over Lawn Trouser Embroidered
Packing: Plastic bag",
pr114,"Stitched Embroidered Lawn Trouser - Amazing White Color Stitched Embroidered Lawn Trouser
Skin Color Embroidery Work Over Lawn Trouser Embroidered
Packing: Plastic bag",
pr115,High tops by Armani Jeans - Casual high topped shoes by Armani Jeans made with 100% quality material and strong stitching.,
